Hash,File,Key,Value
c83597cc017b6a2342112c15b51a0638acd9d2a8e62083c2e14fbb17b01ccef6,Discord\Discord.xaml,Discord.LargestImage,logo-3840x3840
8b12c7b54ad38dbad41563583916a30769c1f7fa6212783fff9d784d919eb00b,Discord\Discord.xaml,,
c5827ee0ed902183eba183112729452e94e72048e82f4b89b19265c109ab9b06,Discord\Discord.xaml,Discord.SmallestImage0,robot-1
1344c1abf7994629a9e21806fcd40f34f56eb01c231242ff3875ea7a54625316,Discord\Discord.xaml,Discord.SmallestImage1,robot-2
c9fc0606aee13713da8b6a2def87a006954bc0326784a72f2b631c38886daa54,Discord\Discord.xaml,Discord.SmallestImage2,robot-3
fcf9edc7c91da1952c0b8e616dcd5bacc59e9ba559716a8135ab0c4d4eb1bdcf,Discord\Discord.xaml,Discord.SmallestImage3,robot-4
f5f2cf75e6c23f8383767cb9cf3601abafc55aa453dae7892e71be706222df47,Discord\Discord.xaml,Discord.SmallestImage4,robot-5
d101070c7a43ecf4205c1654cc4c6ac8698bbfce2a32387da816a3c67c5d0526,Discord\Discord.xaml,Discord.SmallestImage5,robot-6
bae3b27d84801149d2a2c4aa8596fe9a64d540569a7cbe37664178b8e2655609,Discord\Discord.xaml,Discord.SmallestImage6,robot-7
af5a47e21d187be166fddc0a75b4264dc8e5d41bf4a597b9ade69dfa676e7b31,Discord\Discord.xaml,Discord.SmallestImage7,robot-8
722950e81b4191ea8675304fa3135c328e34bc7320813ced8a0abfa3cb0b8fa1,Discord\Discord.xaml,Discord.SmallestImage8,robot-9
6468bf23472db741b8faafd4e999b47657b3a7450004a47659a4cc8e60d93aea,Discord\Discord.xaml,Discord.SmallestImage9,robot-10
129c11b558070152b15a0239fea0b5eae5cbf42dc07f66db848d6c3fc64d74d3,Discord\Discord.xaml,Discord.SmallestImage10,robot-11
21a5a1b00d76380c138af764ea7d1707a7e2bf35cc647c67c49e2630bf445b71,Discord\Discord.xaml,Discord.SmallestImage11,robot-12
ec258d5d6f057e9e99f2b590c2a4c8f16ca6165a8f65b3de536d21a3ebdf36ed,Discord\Discord.xaml,Discord.SmallestImage12,monster-1
25fb807c6c2450c57cdef372b50de4003f6c1d96d3831ecc4607b343c62f9258,Discord\Discord.xaml,Discord.SmallestImage13,monster-2
d152e68586d131e09ba7311c240f6c8991d68787772bd73435de0a38fd9a1176,Discord\Discord.xaml,Discord.SmallestImage14,monster-3
63be7304a688d30b2716a1dc29dd89616119dc14022f942e2c3d15dd704b9abd,Discord\Discord.xaml,Discord.SmallestImage15,monster-4
c2743d655ce3c9b5d7585681996fad4948d0562ece0269b2447ea4cf1bf4f2f6,Discord\Discord.xaml,Discord.SmallestImage16,monster-5
a8ebc74c5c1887245b2042ba3ae6123f4b882a4fec9c23cdc09201249c5ebaeb,Discord\Discord.xaml,Discord.SmallestImage17,monster-6
eb43719bb942dc26e11c9a2725b8d37bb270efb19285d6f4a098175d42160852,Discord\Discord.xaml,Discord.SmallestImage18,monster-7
2fcb3ecccdd40831ad73758f37bc8ea02782247af86757bb9c1bb82d907063a2,Discord\Discord.xaml,Discord.SmallestImage19,monster-8
9d7649204a5f668823322477b6047c14b2d3fe57af1aee707c9288b84de5afa1,Discord\Discord.xaml,Discord.SmallestImage20,monster-9
3df8e17fdd111d5cc0486e9ef4360ecc949385cdfe602d1f3f7ff79502e62e80,Discord\Discord.xaml,Discord.SmallestImage21,monster-10
fc6aaaee413f6a303b962001cd1e75ba2539461027c9bfe6170b1a8a7dc0df39,Discord\Discord.xaml,Discord.SmallestImage22,kitty-1
c01f1d1aa26e25a526295cf0982058aa60a916bc6aeb369cba5d425c3733fb15,Discord\Discord.xaml,Discord.SmallestImage23,kitty-2
da6eeb22160269efce094b03643824ba88098bbed900311c7fbb007981b309c6,Discord\Discord.xaml,Discord.SmallestImage24,kitty-3
c5ef89eb3a0bddafc4e4fcda6647a4b32ca43038391e0c9f742f6ceb7228b922,Discord\Discord.xaml,Discord.SmallestImage25,kitty-4
1b5846989c061dfd2981fc2ae2c402442d70e252178d03f7b87e74cddb8c8304,Discord\Discord.xaml,Discord.SmallestImage26,kitty-5
fe527168bb883bd4b917a1bed98db9f65c254a1264fc743080c0fcf6648ff5d0,Discord\Discord.xaml,Discord.SmallestImage27,kitty-6
f6203ffdd282731ec6e8e48ce639500e50bdf05c2f6032aa40f1de681cdacc90,Discord\Discord.xaml,Discord.SmallestImage28,kitty-7
5ed2af90dfe4f1bd0752d0d54351e3404f590fd05b113d334fe48cb670051542,Discord\Discord.xaml,Discord.SmallestImage29,kitty-8
4f7ca766bef64ea2bd2c046cbba5584ef5771e4d42d17d9073de861959268def,Discord\Discord.xaml,Discord.SmallestImage30,kitty-9
ca4dadea17baae1062ffae69f876bf9ba878b1a67195c452b32b4f8a5be603d0,Discord\Discord.xaml,Discord.SmallestImage31,kitty-10
473d3e3a133569d79c617dcf479bc7949c92340b0a0e5f64ee44c3d900e6fd3e,Discord\Discord.xaml,Discord.SmallestImage32,kitty-11
3c8decc938ee8c7ed7e1b258f22d5f2204c9c3beaa3d069803c70bf757dffb20,Discord\Discord.xaml,Discord.SmallestImage33,kitty-12
24af1a5337ed0eb648427e4989be3ba202ee9b37b319840125fbd2ca9c865d03,Discord\Discord.xaml,Discord.SmallestImage34,kitty-13
1015d17f3860fac09161fba5188681ee4417fc436554d7b430211a6aca68db91,Discord\Discord.xaml,Discord.SmallestImage35,kitty-14
0b1b184a35def2420c35dd2f0739df8df9e53d23e20450135ce1da2cca3d0326,Discord\Discord.xaml,Discord.SmallestImage36,kitty-15